難易度	曲名	ソフラン	敷譜面	交差譜面	定数	BPM	演奏時間	楽曲情報
37	What's up? Pop!	×	敷譜面	交差譜面	37.5	170-230	02:35.5	ついに解禁されてしまった4本指必須譜面。BPM400の16分でくの字って何事なの？
37	ヤミナベ!!!!	ソフラン	敷譜面	交差譜面	37.5	174-300	02:06.5	圧倒的BPMと速度変化が特徴。運指を組むことで一番太刀打ちの利く37でもある
37	人生	ソフラン	敷譜面	交差譜面	37.5	142-185	02:22.8	地力譜面をめちゃくちゃに突き詰めたみたいな譜面。今からでもトレース終点にしません？
36	the EmpErroR	×	×	×	36.3	240	02:04.5	高速耐性と技術両方が必要。BPM240でフリック直後にタップ置いてくるのマジで何なんだ...
35	マシンガンポエムドール	×	×	×	35.9	220	02:15.0	35だ35だと言われ続けついに昇格...どころか、35の曲プールの中でも最強格の地力譜面
35	Don't Fight The Music	×	敷譜面	交差譜面	35.9	74-200	02:36.2	技術全ブッパな譜面。指押しなどが苦手だと苦しいが、BPMは比較的遅めで詰めやすいかも
35	初音ミクの消失	×	×	交差譜面	35.6	240	02:20.5	指押しほぼほぼ必須級の譜面であり逃げ運指を作るのが非常に困難。体力的にもキツい
35	エンドマークに希望と涙を添えて	×	×	×	35.3	257	02:15.2	六兆年の昇格により35である程度の位置にはついた模様。高速連打は意外と練習が効くぞ
35	六兆年と一夜物語	×	×	×	35.0	93-186	01:59.8	本当に謎なことに腐れ外道を置いて35へ昇格。エンドマとどのくらい差があるかは疑念が残る
34	腐れ外道とチョコレゐト	×	敷譜面	交差譜面	34.9	260	02:09.5	エンドマに比べると長いトリルこそないがフリックの精度が非常に求められる。どう考えても35
34	初音ミクの激唱	×	×	×	34.4	200	02:36.9	16bitとあまりにも差がありすぎた譜面がやっと34に昇格。5k処理や運指構築力が求められる
34	ÅMARA(大未来電脳)	×	敷譜面	交差譜面	34.0	112-229	02:31.6	16bitと同じく研究こそが死ぬほど物を言う譜面。仕様まで理解してあげると安定感も上がる
33	ゴーストルール	×	×	×	33.6	210	02:18.7	運指を理解した上であっても必要な地力やエイム力が旧32の中でもズバ抜けて高かった...
33	初音天地開闢神話	×	×	×	33.6	240	02:56.3	ゴーストルールと共に.6としたのはÅMARA残留故の苦渋の決断。必要地力は16bitより断然高い
33	ロストワンの号哭	×	×	×	33.1	162	01:43.0	認識難譜面とはいえど、その上でゴリ押し要素がありすぎて昇格させた可能性がある
33	ぼくらの16bit戦争	×	×	交差譜面	33.0	122	02:24.5	終盤は運指研究必至だが、低難易度にも交差曲が増えてきたしいよいよ33である必要性g(殴
32	ヒバナ -Reloaded-	×	×	×	32.9	200	01:33.0	初期からあった譜面にも関わらず、未だにあそこまでゴリゴリの5鍵指押しが飛んでくる32これだけ
32	星界ちゃんと可不ちゃんのおつかい合騒曲	×	×	×	32.8	220	02:29.2	1サビのフリックは真上にめっちゃ動かすかすぐ離すかの2択。シンプルに忙しく体力勝負
32	拝啓ドッペルゲンガー	×	×	×	32.7	181	02:27.4	六兆年のものとあまり速さが変わらない高速トリルや16分からの同時押しが多く、かなりの個人差
32	CIRCUS PANIC!!!	ソフラン	×	×	32.6	136-166	02:15.4	やはりラストのBPM249の16分相当25打がAPカッター。他もほぼほぼフィクサー同等の忙しさ
32	セツナトリップ	ソフラン	敷譜面	交差譜面	32.6	145	02:32.1	初披露より圧倒的に下方修正を食らい楽しさは増した。ラスサビのゴリ押しはムズい
32	脳漿炸裂ガール	×	×	×	32.5	155	02:20.5	大会決勝初見曲。ゴリ押し要素の強いロストワンのほうがまだ強そう、運指研究は忘れずに
32	ドクター＝ファンクビート	×	×	×	32.5	150	02:01.2	本来BPMは300(ソース:作曲者本人)。とてもクセが強く間奏発狂はかなりの難易度を誇る
32	フューチャー・イヴ	×	×	×	32.5	190	02:29.4	1サビ前やラストなど認識が難しい部分や24分、ラスサビの4k配置などさまざまな技術を要する
32	トンデモワンダーズ	×	×	×	32.4	160-180	01:59.3	基本BPMは172。はちゃめちゃなワンダショがついに本気を出してしまった...
32	Brand New Day	×	×	×	32.4	185	02:08.1	完全に地力で殴る譜面。認識難は様々な運指が見込めるので自分に合ったものを見つけよう
32	チルドレンレコード	×	×	×	32.3	210	02:03.0	テオとどちらが難しいかは個人差。密度が高い上単ノーツも混じるためなかなか視認が苦しい
32	インビジブル	×	×	×	32.3	192	02:18.0	32入門と言われていたが、ある程度の立場を確立している模様。間奏のスライドは端まで行く必要ナシ
32	テオ	×	×	×	32.2	185	01:49.0	初代からある元31の譜面であり32の中でも取り組みやすいほう。純粋に地力が求められる
32	千本桜	×	×	×	32.1	154	01:59.6	研究を積み運指を覚えれば32ほどの脅威はない。慣れれば小粒終点のほうが脅威だったりする
32	バグ	×	×	×	32.0	186	02:03.6	初見APが数名出ている事実こそバグです。おそらく31に一番近い32か。後半の認識難の運指注意
31	ビターチョコデコレーション	×	×	×	31.9	174	02:04.8	くの字配置がかなり多く慣れるまで苦しい。だがマスターできれば多くの譜面で応用が可能となる
31	ポジティブ☆ダンスタイム	×	×	×	31.9	210	01:49.1	むずくてネガティブ★台パンタイムになる。短ホールド絡みの配置は縦連を意識しよう
31	フロイライン＝ビブリォチカ	×	×	×	31.8	185	02:17.5	久々にかなりエグめの31到来。BPM370の16分3打が絡むラストのラッシュはかなり衝撃的
31	脱法ロック	×	×	×	31.8	155	01:58.4	Q.脱法ロックは難しいですか？ A.はい。難しいです。圧倒的個人差があります。
31	グリーンライツ・セレナーデ	×	×	×	31.8	200	01:53.0	Omoi氏の曲両方むずい。テオほどのキツい配置というわけではないが物量が増えている
31	ぼうけんのしょがきえました！	×	×	×	31.7	176	01:44.8	仕様変更により終点を取るのが圧倒的にラクに。どちらにしろくの字など高い地力は必要だが...
31	オルターエゴ	×	×	×	31.7	176	02:26.9	転調前と転調後でハッキリと難易度が変わるように感じる。曲が結構長くてツラいポイントの一つ
31	カゲロウデイズ	×	×	×	31.7	200	02:18.6	全体的に見れば素直な地力譜面であるが局所でゴリ押しor指押しが求められる。あと長いしんどい
31	フィクサー	×	×	×	31.7	135	01:57.3	ロウワーの認識難をほぼ全てゴリ押しに変えましたみたいな譜面。忙しく微縦連が苦手だとキツい
31	ジャンキーナイトタウンオーケストラ	×	×	×	31.6	145	02:18.2	元30だが、現環境の曲を見ると31中堅というところまで登り詰めている。当時の30はおかしかった
31	チュルリラ・チュルリラ・ダッダッダ！	×	×	×	31.6	220	02:15.8	今思えばコイツが元30だったのが本当に信じられない......曲も長く局所に難しい配置がある
31	エゴイスト	×	×	×	31.6	180	02:24.0	なんといっても32分が特徴的。ラスサビ前地帯もムズいので花を唄うで練習もアリ
31	私の恋はヘルファイア	×	×	×	31.6	200	02:25.1	圧倒的フリックの数から苦手意識を持たれがち。曲通り譜面も中継点がうるさい
31	地球最後の告白を	×	×	×	31.6	140-190	02:04.0	他の認識難配置とは一線を画している配置がある。他にも指押し推奨配置や最後の同時などの難所も
31	コスモスパイス	×	×	×	31.6	165	01:59.3	昇格によってガチのカップヌードル最難関へ。とにかく16分音符→同時が多すぎて苦手な人はマジで苦手
31	Mr. Showtime	×	×	×	31.5	218	02:13.2	BPM327の16分が大量に飛んでくるバケモン。譜面自体の癖も強く難解なリズムもある
31	徳川カップヌードル禁止令	×	×	×	31.5	178	02:02.2	ネタ極振り譜面なせいでクセも抜群に強いができれば楽しい。連続フリックはしっかり16分で叩こう
31	君色マリンスノウ	×	×	交差譜面	31.5	202	02:18.4	しっかり難しくはあるが楽しいが勝つ譜面。最後には入れ替え必須な初見殺し配置も見られる
31	エゴロック	×	×	×	31.5	225	01:48.8	純粋に速いが16分の連打は2回しか登場しないのでそこの対策で意外と太刀打ち可能
31	HERO	×	敷譜面	交差譜面	31.5	190	01:59.4	おもろいギミックの詰め合わせセット。ラスサビ前など31相応の地力が求められる配置も多い
31	ショウタイム・ルーラー	×	×	×	31.5	204	01:44.7	サビから難易度が上昇する結構前の譜面の典型例。終点は奥めに引っ張って遅めに離すのが吉
31	気まぐれメルシィ	×	×	×	31.5	160	02:24.0	通常フリックと終点フリックの仕様の違いの理解力が試される。純粋に難しい連打も注意
31	ネトゲ廃人シュプレヒコール	×	×	×	31.5	175	02:19.9	地力と譜面への対応力が求められる。2連打する指を決めておくのが攻略への最短ルート
31	Vampire's ∞ pathoS	×	×	×	31.4	134	01:55.1	低速ハネリズムの中でもBPMが速い方。フィクサーほど忙しくはないものの2連同時などが存在
31	にっこり^^調査隊のテーマ	×	×	×	31.4	180	02:01.0	とにかく鳳えむとかいうキャラが可愛い曲。多少クセのある部分やくの字配置もあるので注意
31	魔法みたいなミュージック！	×	×	×	31.4	210	02:12.5	海外先行譜面からの刺客。24分3打も局所に登場するほか、終点のケアなども難しい
31	Happy Halloween	×	×	×	31.4	120	02:00.0	12分、16分、24分、32分とリズムを総動員している悪戯譜面。物理的に苦しく妥当の昇格
31	未完成讃歌	×	×	×	31.4	188	02:33.0	曲がめちゃくちゃ良いが長い。全体的に素直だが局所難や24分乱発のアウトロは注意！
31	Iなんです	×	×	×	31.4	92.5-185	01:41.4	MASTER譜面だけではBPM変化に気づけない...同時→3連打→同時の配置や間奏が厄介
31	そうだった！！	×	×	×	31.4	192	02:03.4	最高に楽しい31。こればっかりは譜面製作者を褒めちぎりたい。あと譜面の芸が細かすぎる
31	おこちゃま戦争	×	×	×	31.4	175	02:22.3	主に縦連での要求地力が高かったりスライドが奥まで行ったりと、少しチュウニズムっぽいのが特徴
31	天使のクローバー	×	×	×	31.3	193	01:50.6	サビのスライドの終点フリックは始点を動かさずにそのままフリックまで持っていくとやりやすい
31	ずんだパーリナイ	ソフラン	×	×	31.3	150-170	02:43.9	ソフランが急展開だったりリズムが難しかったりインパクトはあるが、やるうちに結構慣れる
31	ローリンガール	×	×	×	31.3	195	01:57.7	もう一回、もう一回。とばかりに16分からの同時をぶち込んでくる！やだ！
31	流星のパルス	×	×	×	31.3	192	01:54.2	認識難×くの字がかなり苦しいと判断されたのか昇格した。必要地力は確かに高めではある
31	霽れを待つ	×	×	×	31.3	168	01:49.8	実装当初30.1に設定してた自分をめちゃくちゃ殴りたい。謎の縦連配置に慣れないと苦しい
31	右肩の蝶	×	×	×	31.3	140	02:10.1	曲名に「右」があるのに左に寄る譜面が2箇所...ゴリ押しで済むような認識難とロング終点が難点
31	悪魔の踊り方	×	×	×	31.3	106	01:55.5	終点がかなり苦しいと判断され昇格したと考えている。終点に対する慣れが非常に大事
31	ももいろの鍵	×	×	×	31.2	165	02:08.2	圧倒的にゴリ押しの色が強く、譜面の見た目は31上位...とか言ってたら本当に31に上がった
31	ARQETYPE	×	×	×	31.2	240	01:35.7	圧倒的物量とラス殺しが非常に特徴的だが必要なスキルこそ少なく、ラストも最悪目押しで通過可能
31	新人類	×	×	×	31.2	144	02:32.5	やっていて楽し過ぎてプレイヤーがゴリラと化す譜面。24分が3回降ってくるが全てパターンが違う
31	モア！ジャンプ！モア！	×	×	×	31.2	202	02:00.4	他の31に比べて割と素直な配置が多く、触りやすいタイプの譜面。物量ではあるので体力の管理を
31	ジェヘナ	×	×	×	31.2	128	02:30.0	開幕やラストの4鍵はしっかり運指を組んでおこう。31クラスの譜面だが流石にハピハロに勝てない
31	トラッシュ・アンド・トラッシュ！	×	×	×	31.2	177-220	02:12.4	高速ハネの中でも基本的な配置が多め。6分音符減速地帯が特徴的なので曲を聴き込もう
31	すきなことだけでいいです	×	×	×	31.1	140	02:32.6	ラスサビは「真ん中縦連2回」→「縦連した方の手でくの字の2ノーツ目を取る」を意識で攻略が可能
31	アンハッピーリフレイン	×	×	×	31.1	205	02:06.7	「速いだけ」の権化。Aメロのフリック→タップの部分はフリックの動きを最小限にしてあげよう
31	きゅうくらりん	×	×	×	31.1	220	01:45.8	16分からの同時押しが実は一切ない。微ズレ地帯には128分も存在する...(BPM1760の16分)
31	脳内革命ガール	×	×	×	31.1	240	02:16.0	増えたBPM240族。抜けやすい部分は始点が押せてないだけだったりするので端を押そう
31	ロウワー	×	×	×	31.1	132	01:43.2	灰色などで認識難を身につけ忙しさに対応する感じの譜面。理解度によって難易度が極端に上下する
31	アイデンティティ	×	×	×	31.0	195	02:32.6	フル尺。長い。サビ前が厄介なのでフリックの動きを最小限に留めるといいかもしれない
31	キティ	×	×	×	31.0	145	01:50.3	終点フリックだけデカいギミックが多数存在する。ロングと同じ手で普段通り終点処理がオススメ
31	限りなく灰色へ	×	×	×	31.0	108	01:56.1	なぜ！！！花を唄うが上がらず！！！コイツが上がるんだ！！！！ロウワーとどちらが難しいかは諸説
30	Disco No.39	×	×	交差譜面	30.9	145	02:10.8	BPM145のハネリズムは低速ハネ界随一の忙しさ。リズムを曲を通して意識する必要があり難しい
30	フレー	×	×	×	30.9	168	02:14.3	間奏地帯が今までの譜面で見たことのない配置をしており難しい。ラストは3連打をしっかり意識
30	悔やむと書いてミライ	×	×	×	30.9	194	01:37.6	サビに容赦なく16分→同時フリックが襲いかかってくる。感覚を掴むまで練習するとよい
30	夜咄ディセイブ	×	×	×	30.8	130	02:15.0	セカイVer.基準で作ってあるからVSVer.の人は変えてみ、マジでセカイ変わるから
30	ワールズエンド・ダンスホール	×	×	×	30.8	171	01:38.1	16分に同時が絡んでくる配置が多すぎて一部の人にはとても苦しい
30	エターナルアリア	×	敷譜面	×	30.8	184	02:10.4	この音ゲーで一番いい譜面とされている(腐食談)。難しいリズムや、他の30にない奇抜な配置が特徴
30	劣等上等	×	×	×	30.7	160	01:31.1	こいつも16分→同時のオンパレード。悔やミラよりBPMは遅いがラスト発狂が難しい
30	スターダストメドレー	×	×	×	30.7	170	02:18.9	圧倒的に神曲。くの字配置や1/12ノーツが特徴的。1サビ前のスライドは直線の両端押せば取れるぞ
30	the WALL	×	×	×	30.7	183	01:44.8	くの字配置や左始動暗記配置など地力配置が多め。誰の仕業か知らんが最近自分の周りで流行っている
30	しっくおぶはうす！	×	×	×	30.7	170	02:18.0	スパイスの効いた地力譜面といった印象。花を唄う系統の配置が終盤に飛んでくるので注意
30	SnowMix♪	×	×	×	30.6	185	02:30.3	間奏地帯がかなり厄介だが、16分トリル地帯は3つずつ認識してあげるとかなり取りやすくなる
30	アンノウン・マザーグース	×	×	×	30.6	222	02:13.9	実装当初から29.9を継続していた譜面がついに昇格。最近の30と比べたら圧倒的難しさを誇る
30	星屑ユートピア	×	×	×	30.6	240	02:07.8	トンデモ譜面がついに30に昇格。圧倒的ゴリ押しと方向指定への対処力がかなりの肝
30	ミラクルペイント	×	×	×	30.6	215	02:19.3	たまに8分音符が登場するのでそれを把握しておくのが好記録への近道かもしれない
30	Glory Steady Go!	×	×	×	30.6	131	01:31.6	先行公開の音源聴いて絶対BPM262の16分飛んでくるじゃんって思った。曲良いし楽しい
30	ステラ	×	×	×	30.6	197	02:09.4	16分→同時の形が非常に多い。両手直前のノーツを意識することをオススメする
30	レイニースノードロップ	×	×	×	30.6	192	02:27.5	全体的に地力譜面。アウトロの同時→真ん中2連にやられやすいので身構えよう
30	パラソルサイダー	×	×	×	30.5	176	01:27.6	イントロとアウトロゲー。曲が短く爽快なので運指を理解すればかなり楽しく叩けるはず
30	オーバーコード	×	敷譜面	×	30.5	120	02:36.5	延々とこのBPMで低速ハネをやらされるまあまあツラい譜面。バーコードスライドを読み取ると...
30	ノンブレス・オブリージュ	×	×	×	30.5	148	02:07.3	ラストのコツ歌います。「右で入る次は左次は右手次は左次は右手次は左次は右手次は左次は右手次は左
30	ラストスコア	×	×	×	30.5	134	02:18.8	圧倒的神曲であり推している人も多い。が譜面はかなり指押し推奨配置多め。小粒折り返し5鍵...
30	サラマンダー	×	×	×	30.5	172	02:32.1	フル尺。長い。配置自体は単純めなものがほとんどだが随所に難しめなものもあるので注意
30	STAGE OF SEKAI	×	×	×	30.5	190	01:55.9	神曲神譜面！楽器の各パートが譜面で表されてそう。ちなみにステージのセカイはモモジャン
30	シャンティ	ソフラン	×	×	30.5	144	02:06.2	初めて擬似停止が用いられた譜面。12分+8分の混フレやイントロなどの24分に注意しよう
30	花を唄う	×	×	×	30.5	115	01:48.5	ハネ認識難+終点難+視認難+リズム難という複数の要素が合わさりなかなかに難解
30	泡沫未来	×	×	×	30.5	179	01:41.9	16分ハネリズムの譜面の中にたまに12分混じってくるわ認識難だわジャクポ飛んでくるわ...何？
30	ブリキノダンス	×	×	×	30.5	172	01:35.2	結構むずめの配置を各所にちりばめたみたいな感じの譜面。ゴリ押しの傾向が強い
30	ピアノ×フォルテ×スキャンダル	×	×	×	30.5	135	02:07.8	随所に存在する32分音符が非常に厄介なはずだが、自分含め何故か初見APが多かったらしい...
30	ミルククラウン・オン・ソーネチカ	×	×	×	30.5	127.4567	02:09.0	物量+認識難。さらに中盤に変拍子とかなりの対応力が必要。ドクファン同様BPM半取り
30	我儘姫	×	×	×	30.5	116.19-126	02:18.0	突然16分が現れては24分に戻ったりとリズムが我儘な譜面。間奏のBPMは小数第2位範囲で変化する...
30	フェレス	×	×	×	30.4	220	02:13.1	BPMこそマシンガンと同じだが、ハネリズムなので思ったより体力は不要。落ち着けば取れる
30	Calc.	×	×	×	30.4	173	02:22.0	初めて記録を狙う際はラストの視認難配置が本当に鬼門。同時とそうでない部分を区別しよう
30	てらてら	×	×	×	30.4	190	02:10.4	レオニの30はかなり地力譜面が多い印象。認識難配置や全レーンフリックが絡む配置に注意
30	ザムザ	×	×	×	30.4	121	01:51.1	32分やゴリ押し配置などがかなり際立つが、BPMが遅く得意な人はかなり得意
30	春嵐	×	敷譜面	×	30.4	140	02:15.2	全体を通して16分音符鍵盤なためかなり体力or指押し地力が要るが、配置がかなり素直で直感的
30	RAD DOGS	×	×	×	30.4	140	02:12.0	全体的にむずいのにおまけに変な7連階段と縦連飛んでくるから運指をしっかり組むが吉
30	ネクストネスト	×	×	×	30.4	128	01:59.9	クセが強いスライドや24分の最初が同時な配置などがとても厄介。なんでEXPERT27にした
30	ダンスロボットダンス	×	×	×	30.4	190	01:37.1	スライドのクセ強いのとアウトロむずい。あの声質で原キー出せるえむの中の人is何
30	命に嫌われている	×	×	×	30.4	200	01:36.3	沼ってる人が「判定に嫌われている」って言いがち。小粒と4鍵がポイント
30	ONESELF	×	×	×	30.4	160-170	02:00.6	臨界点を彷徨ってから例のスライドまで7回もBPM変化があるらしい。BPMも彷徨ってるってこと？
30	グッバイ宣言	×	×	×	30.4	170	02:03.5	誘導の多い認識難がちょいちょいって感じで楽しい。やっぱりこの曲は原曲の方が人気かも
30	裏表ラバーズ	×	×	×	30.4	159	01:47.2	ちょい認識難混じってる系超絶乱打譜面。曲が曲なので仕方ない。体力勝負
30	ショウタイム×オーディエンス	×	×	×	30.4	220	01:58.7	中盤に難所が飛んでくるタイプの譜面。終点が統合されている配置が多いが両手操作が吉
30	ブループラネット	ソフラン	×	交差譜面	30.4	186	02:12.9	ミク誕にまさかのサプライズ収録。エモいスライドやシンプルな地力配置など、かなり楽しい
30	スロウダウナー	ソフラン	×	×	30.3	194	02:18.4	付点8分と8分の混フレと取れるリズムが印象的。同時押しは少ない分体力が求められる
30	KING	×	×	×	30.3	166	02:13.0	ダンスロボットダンスに近い譜面傾向だが方向指定フリックがなかなかに面倒
30	magic number	×	×	×	30.3	120	01:46.9	コンテンツのキャストが曲を作るという異例な事態。認識難やアウトロのリズム難のクセが強い
30	リンちゃんなう！	×	×	×	30.3	200	02:23.3	ネタ全開譜面ではあるがシンプルに速いので、16分→同時や方向指定が厄介。黄色ノーツはガチ多い
30	Voices	×	×	×	30.3	190	02:01.3	サイズが大きめのノーツに注意すれば比較的難しくない。ステセカに並びレオニ30の入門か
30	アトラクトライト	×	×	×	30.3	196	02:21.4	BPMは早めだが、16分音符が少ない。小粒スライド地帯は長い方を早めに動かすか、最悪全押し
30	キュートなカノジョ	×	×	×	30.3	160	02:06.7	間奏からは24分7連打が規則的なタイミングで現れる。ところどころの16分には落ち着いて対処しよう
30	夜に駆ける	×	×	×	30.2	130	02:14.8	千本桜パターンの譜面。必要な地力もそこそこ。有名曲だしもう少し易しくしてもいいじゃん...
30	難聴系男子が倒せない	×	×	×	30.2	150	02:20.0	BPMが控えめな代わりにたまに非交互配置が飛んでくるが、それを踏まえてもそこまで難しくない
30	METEOR	×	×	×	30.2	170	02:16.9	30の中でもなかなかに素直な譜面。アウトロ前のスライドはかなりの作り込まれ具合を誇る
30	チームメイト	×	×	×	30.2	180	01:47.3	16分連打が多いがかなり基本的な配置となっている。縦連には少し気を配ろう
30	ヴァンパイア	×	×	×	30.2	164	02:18.1	後半に交互押しじゃない配置や地力を要する配置が多い。モモジャンのカバーも可愛い
30	Awake Now	×	×	交差譜面	30.1	117	01:59.0	ちょーーーーーーーーー楽しい認識難。ドンファイ超劣化版な交差配置もあったりする
30	ダーリンダンス	×	×	×	30.1	153	01:37.8	圧倒的編曲の違和感。ところどころクセがあるが29でも見られるレベルのものが多いかな...
30	下剋上	ソフラン	×	×	30.1	185	02:30.2	圧倒的スクロールを見せつけてくる譜面。どこがハネでどこが8分かの把握は少し必要
30	さよならプリンセス	×	×	×	30.1	195	01:55.1	少しだけ16分からの同時が増えた代わりにBPMが下がったマトリョシカといった感じの譜面
30	Decade	×	×	×	30.0	127	02:16.1	見た目だけ難しいが、要求地力は28レベル。交互押しで大体どうにかなるので頑張ろう
30	マトリョシカ	×	×	×	30.0	205	01:42.4	16分音符→同時が一切ないという珍しすぎるMASTER譜面。弦を弾くときはスライドを動かさない
29	YY	×	×	×	29.9	123	02:20.7	リズムがバカエグい。裏拍からの12分音符4打や32分→12分など、意識が必要になる
29	ドーナツホール	×	×	×	29.9	252	02:15.4	なぜかBPMが半減処理されていない...ECHOに続く8分音符までしかない譜面だが速さ故配置エグい
29	カンタレラ	×	×	×	29.9	144	02:00.8	間奏地帯のBPM288の16分7打は右手を意識するといいかも。局所24分にも注意が必要
29	ヴィラン	×	×	×	29.8	102	02:25.9	終点を離すのが難しく、その影響でGREATが増えがち。長いのもなかなかツラいポイント
29	ニジイロストーリーズ	×	×	×	29.8	115-230	01:55.1	初手にBPM345の16分で4連打となかなかの速さを誇る配置がある上、認識難気味で難しい。元28...
29	だれかの心臓になれたなら	×	×	×	29.8	145	01:52.1	一言で表すなら「悔やむと書いてミライの劣化版」。ただテンポが遅く終点グレが出やすいかも
29	ロストエンファウンド	×	×	×	29.8	92-184	02:25.8	BPM92最初だけかと思ったら最後に戻るんかい。短ロング地帯や最後の5鍵、全レーンフリックが難
29	Booo!	×	×	×	29.7	220	01:31.6	曲が短く詰めやすいのはいいものの、ところどころ29では許されない配置がある...
29	踊	×	×	×	29.7	128	02:15.7	最後のリズムが最近の太鼓の○人並みに変態。間奏地帯がなかなか見ない地力配置となっている
29	スノーマン	×	×	×	29.7	127	02:19.4	低速地力譜面であるが、ところどころ癖の強い配置も見られる。運指を組んでおこう
29	快晴	×	×	×	29.7	172	02:26.7	見かけ上しんどそうな配置がところどころあるが、誘導はしっかりしている。1/12始点にも注意
29	88☆彡	×	×	×	29.7	175	02:02.6	圧倒的局所難譜面。小粒の乱打はしっかりと1拍に4打を意識。12分音符の処理には注意
29	いかないで	×	×	×	29.6	191	01:51.8	曲を知らなかった人「ゆったりした曲なんかなぁ...ってなんで視認難体力譜面飛んできてんの」
29	Gimme×Gimme	×	×	×	29.6	105	02:12.5	某YouTuberのアイコンみたいな配置が他の譜面に増えてきたのでこの譜面で練習しよう
29	ボッカデラベリタ	×	×	×	29.6	170	01:52.9	難易度ごとの評価軸の違い故に元28.9組と0.2も差をつけた定数となった。全体的に難しい要素しかない
29	ナンセンス文学	×	×	×	29.6	154	02:06.4	とにかく付点のリズムも多く曲を熟知しないといけない上に譜面自体もクセがある
29	"Hello,world!"	×	×	×	29.6	211	01:35.7	賛否ある曲の収録だが腐食としては初音ミクが聴けるので賛成派。配置は素直だがシンプルに速い
29	それでもいいんだよ	×	×	×	29.6	132	02:01.8	本当に、神曲。わかりやすめの認識難と32分音符が特徴的な譜面。できなくてもいいんだよ(？)
29	ベノム	×	×	×	29.6	152	02:03.4	やりづらい方向指定やジャケット再現の譜面が特徴的。あまりみずえなの予想はしてなかった
29	PaⅢ.SENSATION	×	×	×	29.6	180	02:07.9	認識難配置はあるがフリックと反対の手で叩き始めればよいという誘導がある。最後の配置コワイ
29	テレキャスタービーボーイ	×	×	×	29.6	182	01:32.0	イントロの方向指定間違えがち(腐食談)。曲が短く詰めやすいがゴリ押し配置も多い
29	ジャックポットサッドガール	×	×	×	29.6	204	01:19.4	最初が光ったらジャックポット。バーチャル・シンガーVerが一風変わって聞こえる
29	フォニイ	×	×	×	29.6	170	02:20.1	嘘で絡まるスライド地帯はあまり動かさずとも取れる。ラストの同時押しに殺された人は数知れず...
29	ラブカ？	×	×	×	29.6	78-135	01:40.8	最初のBPM変化があまりにも変則的。ハネの部分と16分の区別や難しい配置の対策を
29	月光	×	×	×	29.6	109	02:34.1	曲がシャレオツすぎるのよ。しかし長い上に低速ハネリズムなので沼る人は沼る...
29	Be The MUSIC!	×	敷譜面	×	29.5	128	02:30.4	エイプリルフール譜面ということで、BPM256の16分7打やスライドに被るフリックなどお祭り騒ぎ
29	エイリアンエイリアン	×	×	×	29.5	152	02:18.8	ナユタン星人曲特有のクセのあるスライドが多い。シンプルに長く埋めるのが面倒でもある
29	悪役にキスシーンを	×	×	×	29.5	124	02:26.0	間奏地帯の難しさの比重が他に比べかなり高い。なぜ、BPMが、248じゃないのか......
29	フィラメントフィーバー	ソフラン	×	×	29.5	114-229	01:48.9	またまたソフランで遊びにきた。バカ速スライドをなぞるのが楽しい。基本BPMは134
29	星空オーケストラ	×	×	×	29.5	200	01:59.4	BPM300の16分3打が3回登場する驚異の譜面。8分音符地帯はめちゃめちゃ解釈不一致...
29	天樂	×	×	×	29.5	232	02:29.0	Bメロのトレースを活かした持ち替え配置が本当に天才。シンプルにゴリ押し力が要るので耐えよう
29	神のまにまに	×	×	×	29.5	135	02:06.1	BPM135の24分や32分があまりにも乱発されている譜面。しっかり歯切れよく叩こう
29	リアライズ	×	敷譜面	×	29.5	150	01:29.2	地力要素が縦連に結構偏っている譜面。逆に言えば、腕を温めれば結構ラクかもしれない
29	携帯恋話	×	×	×	29.5	150	02:15.0	同時押しが絡んでくる16分音符がなかなかに厄介。これでも初期は29弱だったんだよ......
29	嗚呼、素晴らしきニャン生	×	×	×	29.5	194	02:21.9	何の変哲もないハネリズム譜面といった感想。GUMIとレンのパートでロングの色分けがされている
29	アイムマイン	×	×	×	29.5	135	02:32.4	Blessingの引用がマジでエモい。押す必要のない「Hz」や序盤の448分(配置ミス？)が印象的
29	デビルじゃないもん	ソフラン	×	×	29.5	154	01:56.5	最初の演出に全ての記憶を持っていかれる譜面。シンプルな4k配置やラストのリズムヤバ配置も注意
29	DAYBREAK FRONTLINE	×	×	×	29.5	136	02:13.9	セカイVer.で一番いい音源とされている(腐食談)。地力配置が多めだがたまに認識難も
29	＊ハロー、プラネット。	×	×	×	29.5	150	01:53.8	小粒ツギハギ並に多い！スライドクセ強い！指押し配置多い！まさに宇宙から来た譜面
29	Flyer!	×	×	×	29.5	188	01:58.4	疾走感のある楽しい曲。後半は認識難気味であるがすぐに慣れるような配置をしている
29	お気に召すまま	×	×	×	29.5	143	01:47.0	ドラマツルギーと同じ定数だったが、物理難や24分が難しくかなり定数に差がつくことになった
29	白い雪のプリンセスは	ソフラン	×	×	29.4	200	02:16.1	中盤の短ホールドラッシュだけ圧倒的に難しい。ラストのロングノーツ交差ギミックは新鮮
29	Bad ∞ End ∞ Night	×	×	×	29.4	132-204	01:54.7	拍の調整の関係で低速の中継点がおかしかったり、サビに何故か16分音符が混じっているハネ譜面
29	Ready Steady	×	×	×	29.4	115	01:28.2	何気に元祖「フリック直後にタップが置いてある」譜面だったりする。意識しないと抜けていく
29	シネマ	×	×	×	29.4	124	01:38.7	幽霊東京とBPM同じなのなんかいい(？)。想定運指が謎すぎてゴリ押しの方が早いかも
29	Flyway	×	×	×	29.4	190	02:06.3	ハネリズム練習譜面、と思いきや、ほぼ消失と同様の配置がある。同時押し意識が吉
29	あったかいと	×	×	×	29.4	178	02:26.5	シンプルめな地力譜面。16分からの同時押しや小粒配置がちらほらといった感じ。神曲
29	マシュマリー	×	×	×	29.4	182	02:08.9	曲が神！！！！！譜面に関しては基本的に叩きやすいリズムだがピアノ12分地帯が少し難しいか
29	天ノ弱	×	×	×	29.4	200-205	01:45.4	32をぶっちゃけ想定していたがこの難易度に落ち着いたらしい。あんまり音取られてなくて悲しい
29	ODDS&ENDS	×	×	×	29.4	192	01:27.5	当時割と謎な昇格だと思っていたが、さらに下回る29が増えてきてラストのラッシュがむずく感じる...
29	Leia - Remind	×	×	×	29.4	190	02:01.1	BPM285の16分7打含むイントロが結局最大の脅威。イントロを切り抜ければまあまあラクでもある
29	アスノヨゾラ哨戒班	×	×	×	29.4	185	02:04.5	28にはこの手の乱打譜面がなかったが、29にはありふれており思ったより定数が伸びなかった
29	drop pop candy	×	×	×	29.4	130	01:43.2	全体を通して認識難であり、サビのロング終点も厄介。ここまで難しくできるんだなぁ
29	名も無き革命	×	×	×	29.4	185	01:55.5	基本的な配置が多く詰めるのに苦はなさそう。拍子がコロコロ変わるのでノりづらいところはある
29	needLe	×	×	×	29.4	190	01:50.7	イントロの譜面が某卵ゲーのなんちゃらing Blなんちゃらにしか見えなくなった助けて
29	雨とペトラ	×	×	×	29.4	195	02:00.2	シンプルに速く地力が試される譜面。ギター地帯のカクカクスライドは放置でOK！
29	DREAM PLACE	×	×	×	29.4	136	02:15.9	指押しのいい練習になりそうな譜面。ラストの不自然に膨らんでいるスライドの意図とは...
29	p.h.	×	×	×	29.3	132	01:45.5	階段状認識難を交互押しで取る練習になる譜面。あと譜面作成者は付点16分をそろそろ学習して...
29	FREELY TOMORROW	×	×	×	29.3	129	02:11.5	腐食は苦手だがみんな得意らしい。地力地帯が複数存在し、指押しの練習にはぴったり！
29	ルカルカ★ナイトフィーバー	×	×	×	29.3	160	02:10.3	待望の曲。素直めな配置も多いが4鍵が混じってくる場合もあるため把握をしておくこと
29	セカイはまだ始まってすらいない	×	×	×	29.3	138	01:54.8	29の中では5鍵以外易しい譜面。永遠の29.0だと思ってたのに少し出世したねぇ...
29	ブレス・ユア・ブレス	×	×	交差譜面	29.3	152	01:29.8	24分多。スライド始点擬きのタップがスライドに重なっていないのは時代を感じるが、修正を強く希望
29	サンドリヨン 10th Anniversary	×	×	×	29.3	147	01:43.1	チャレラ効率曲(ヒバナAPDに先を越された)だがこの譜面を捌くにおいてもかなりスキルが必要
29	Journey	×	×	×	29.3	128	02:42.2	フル尺なので当然長い。ロングノーツの終点をしっかり意識しよう。ラストの視認難黄色同時も注意
29	Beat Eater	×	×	×	29.3	137	01:34.6	28の中でもかなり忙しかった譜面が昇格。12分同時ラッシュや24分3鍵が脅威
29	Blue Star	×	×	×	29.3	132	02:23.6	最も「豹変」という言葉が似合う譜面。ラスサビだけ他と比べて圧倒的に難しく対応力が求められる
29	とても素敵な六月でした	×	×	×	29.3	210	02:28.6	16分音符こそ少ないが大体同時押しがついている。8分音符が刻めればそこまで問題ではない
29	まにまに	×	×	×	29.3	174	01:47.2	序盤の不親切な黄色トレース誘導線はすぐ離そう。4kや縦連など地力配置が多め
29	アイドル新鋭隊	×	×	×	29.3	176	01:37.8	相当前の話だけど公式の広告で男性陣でMV再生してて面白かったお話。3連フリックが難しい
29	ビバハピ	×	×	×	29.3	148	01:21.7	その短さにも関わらず現在はある程度難しい評価だが、これでも昔は28でも簡単な方だった...
29	阿吽のビーツ	×	×	×	29.3	103	02:11.5	29の中ではまだ忙しくないハネリズムなのであまり定数が伸びない。スライドが思ったよりサボれる
29	ワーワーワールド	×	×	×	29.2	160	01:42.6	ほぼ3年越しに32分4打×2が24分に修正され、大幅にラクになった。ただ難しいところは結局難しい
29	ドラマツルギー	×	×	×	29.2	149	01:30.0	BPM149なのにちょうど90秒っていう計算結果を吐いたせいで目に映ったものを疑った
29	Nostalogic	×	×	×	29.2	140	01:48.0	ラスサビが難しい。しれっと最後に24分からの両手置くのやめてもらっていいですか
29	Miku	×	×	×	29.2	128	02:31.2	最難関譜面にも見られるような認識難配置が見られる。BPMが控えめなためこれで練習しておきたい
29	メルト	×	×	×	29.2	170	02:57.4	最後の縦連ガチで難しすぎる。プロセカ史上最も心臓に悪いといっても過言ではない
29	神っぽいな	ソフラン	敷譜面	交差譜面	29.2	142	02:24.9	キラピピ以来のギミックコンプ譜面。交差を嫌うなら終点フリックしてない指で始点を取ろう
29	Cool Me Down	×	×	×	29.2	174	02:22.1	3点押しにも見える異質な配置や重なって見える始点など特徴が多い。曲が、良すぎる
29	カトラリー	×	×	×	29.1	108	01:48.7	声ネタの部分やサビ前に16分音符が存在するハネリズム譜面。誘導のない認識難が難しい
29	リモコン	×	×	×	29.1	165	02:07.8	12分割ノーツがあまりにも多すぎる！特に→の始点は少し認識しづらいため注意。他は素直
29	ロキ	×	×	×	29.1	150	01:42.0	24分からの同時(片方フリック)にこの譜面の全ての難しさが込められてると言っても過言ではない
29	potatoになっていく	×	×	×	29.1	116	01:44.9	最近のトレンドである認識難のいい練習譜面といえる。完全交互運指を推奨
29	ワールドイズマイン	×	×	×	29.1	100-165	02:48.7	元27で最近まで28だった譜面がさらに昇格。とろけるプリン以外難所の量が微妙で、正直謎
29	39	×	×	×	29.0	175	02:18.7	これまた3月9日に追加。ラスサビ前のスライドギミックが印象的。最後の小粒4kはバカムズい
29	はぐ	×	×	×	29.0	120	02:04.2	低速ハネにしては認識難がほとんどなく非常に素直。プロセカで一番いい曲と俺の中で話題
29	NEO	ソフラン	×	×	29.0	190	01:55.1	新要素がかなりふんだんに使われているので慣れよう。記念楽曲ということで29の中ではやりやすい
29	UNDERWATER	×	×	×	29.0	145	02:25.2	縦連地帯→2連縦連連続地帯が本当にビックリポイント。あとは油断しなければどうにかなる
29	悪食娘コンチータ	×	×	×	29.0	160	01:34.7	短い上譜面の誘導がしっかりしており、悪ノシリーズ屈指の良譜面となっている
28	帝国少女	×	×	×	28.9	118	02:25.4	曲をしっかり聴き込み、どこが32分、どこが16分なのかを理解することがAPへの近道
28	ココロ	×	×	×	28.9	110-140	02:17.1	編曲が残念ランキング断トツの1位。32分音符が速すぎるが、入り手で16分3連打をするイメージ
28	トリコロージュ	×	×	×	28.8	130	02:00.5	個人的最難関はサビ直前の3連符絡みのリズム。それ以外にも運指を組んでおきたい配置も多め
28	Peaky Peaky	×	×	×	28.8	132	01:36.8	曲名が完全に○4D○なのよ......譜面のクセがかなり強い。動かさなくていい曲線スライドも点在
28	トラフィック・ジャム	×	×	×	28.8	130	02:03.7	何があって収録が遅れたのか...ジャンキーの劣化や短ホールドが多いなど交通渋滞並の複雑さ
28	アイロニ	×	×	×	28.7	90	02:19.0	28最低基本BPMを更新したが、ふんだんに24分の難配置が盛り込まれており厄介
28	天使の翼。	×	×	×	28.7	125	02:45.7	曲がかなり長い上癖の強い配置が多くそれぞれに対応できないと苦しい。実は自○の曲である...
28	我らステインバスターズ！	×	×	×	28.7	125	01:41.8	28にしてこのBPMのハネリズムはシンプルに物量が多い。ただ同時押しや認識難は少なめ
28	ガランド	×	×	×	28.7	93	02:05.8	16分と24分混在させるのやめろ...低速な割に中継点が多くロングノーツをサボり辛いのも厄介
28	ワールドワイドワンダー	×	×	×	28.7	142	01:31.1	このBPMで多くの地力配置が降ってくるので、指押しの練習にはかなり適している
28	Forward	×	×	×	28.7	140	01:47.5	認識難が過ぎて目で見ただけではなかなか捌き切るのが厳しい。運指を決めるが吉
28	愛して愛して愛して	×	×	×	28.6	115	02:04.7	メンヘラ代表。このBPMの24分の速さが絶妙に崩されやすい。グチャグチャスライドで休憩が可能
28	トキヲ・ファンカ	×	×	×	28.6	96-120	01:43.0	譜面がシンプルに楽しい。リズム面ではかなりの難しさを誇る。ラストはフリックのリズムを意識
28	アイディスマイル	×	×	×	28.6	171	02:10.4	たまに混じる3拍子、視認難、分かりづらい方向指定フリックなど厄介要素が多め
28	フラジール	×	×	×	28.6	127	02:00.7	28だ28だと言われ続けついに、それも28.6にまで昇格。終点が苦手だとなおさら苦しい譜面
28	Change me	×	×	×	28.6	135	02:22.0	サビ前の局所難やラスサビのくの字など厄介配置を備えている。演出がよい
28	命ばっかり	×	×	×	28.6	128	02:07.7	譜面としてあまりにも完成度が高い。終盤に難しいポイントが盛り込まれている印象
28	ヒビカセ	×	×	×	28.6	140	01:51.0	同時押しが絡む配置が多くシンプルに地力が要る。割とちょうどいい難しさの局所難も
28	ジウダス	×	×	×	28.6	198	01:37.0	BPMが何故倍取りなのか...短スライド終点がかなり厄介なので掴む必要がある
28	威風堂々	×	×	×	28.6	130	02:20.0	このゲーム史上最高にエロい。サビに某アークノーツゲーの黒兎感あるスライドある
28	ミライ	×	×	×	28.5	138	02:32.0	サビ前の突然の24分入り乱打にやられた人も多いのでは。長い！！！！！！！
28	心予報	×	×	×	28.5	143	02:08.8	全体的に少しコシのある配置を散りばめた感じの譜面。Eve曲って似通ったリズムが多いよな
28	こちら、幸福安心委員会です。	×	×	×	28.5	128	02:23.1	初音天地開闢神話御用達の交差スライドが存在する。因みに真ん中押さえて端をタップすれば通る
28	僕らまだアンダーグラウンド	×	×	×	28.5	148	01:58.4	前半がちょっと忙しいといった感じの譜面。最後のロングノーツが長く無反応が怖すぎる
28	Un-Lock	×	×	×	28.5	130	02:11.1	地力主体の譜面だが、後半などの癖の強い配置や、24分32分には注意を払う必要がある
28	乙女解剖	×	×	×	28.5	134	01:47.9	なかなかのゴリ押し力が求められる譜面となっている。曲に合わせた12分にも注意
28	Color of Drops	×	×	×	28.5	152	01:47.8	局所リズム難。片手だけで何個もの8分音符を叩かせてくるのでゲシュタルト崩壊注意
28	1925	×	×	×	28.5	145	02:13.7	あえて2番を収録しているのにこだわりポイントを感じる。間奏地帯は基本交互ではないぞ
28	ボトルケーキ	×	×	×	28.5	107	01:49.2	曲全体を通して160/9分ハネというバケモンリズムが搭載されている。何も考えずに16分処理が丸い
28	去り人達のワルツ	×	×	×	28.5	178	01:36.1	アウトロのいかにも難しくしました感がえげつないがそれ以外は比較的素直。短いので詰めやすい
28	陽だまりのセツナ	×	×	×	28.5	217	01:51.4	難易度28の最速BPMを更新。見掛け倒しだが落ち着けば意外と取れる配置が多い
28	purpose	×	敷譜面	×	28.5	130	01:41.0	リズムが難しめで24分3鍵が降ってきたりと要求地力が高め。ほんの少しロングにタップが被っている
28	みくみくにしてあげる♪【してやんよ】	×	×	×	28.5	160	01:37.3	3月9日に追加という運営の愛。ネギ縦連と緑タップに注意しよう(定数は要するに28.4程)
28	パレットには君がいっぱい	×	×	×	28.5	120	02:06.0	サビの認識難配置をちゃんと2-2で取れるかがこの譜面の一番重要なポイントとなる
28	ひつじがいっぴき	×	×	×	28.5	200	02:05.5	スライドがかなりド派手な譜面。BPMこそ速いがしんどい16分こそ少ない
28	踊れオーケストラ	×	×	×	28.4	180	01:46.0	クセがそこまでなく純粋に楽しめる譜面。直感に反する方向指定フリックなどに注意しよう
28	どんな結末がお望みだい？	×	×	交差譜面	28.4	190	01:31.1	短く詰めやすい譜面であり、目立った難所も少なめ。スライドのギミックは左手を遅めに離すように
28	豚になってyeah yeah	×	×	×	28.4	115	01:56.4	potatoと曲調が似ておりBPMも1しか違わない。やりやすい方の認識難が多めなので練習に良い
28	CR詠ZY	×	×	×	28.4	122	01:38.2	協力ライブにおけるバグがあまりにもインパクトが強い。序盤の5kや終盤の高密度トレースが印象的
28	ストロボラスト	×	×	×	28.4	120	02:07.5	全体的に小粒が多い。サビ後半から急に難しくなるため十分に指を慣らそう
28	"Hello, Worker"	×	×	×	28.4	168	01:36.6	基本的な16分→同時の配置が多くいい練習になる。曲が短いのも◎
28	いーあるふぁんくらぶ	×	×	×	28.4	145	01:58.6	全体的にクセが少なく素直で楽しく叩ける。最初の始点が2拍目の32分音符3個後らしい...
28	Just Be Friends	×	×	×	28.4	128	02:05.2	涙スライドの始点が1920分1個分ズレており、おそらく2連打で最高密度を誇る配置となってしまった
28	ウミユリ海底譚	×	×	×	28.4	120	01:39.5	5鍵は4つだけ交互で取る(例:右左右左左)を推奨してます。サビのフリックもかなり難しい
28	ロミオとシンデレラ	×	×	×	28.4	170	01:48.5	曲の編集下手くそ選手権第2位(1位はウミユリ)。キャラメルが仕様変更でかなり取りやすくなった
28	恋愛裁判	×	×	×	28.4	134	02:07.6	細いスライドだったりサビ間の間奏の終点+認識難だったりが難所。これは「有罪」
28	39みゅーじっく！	×	×	×	28.4	130	01:50.8	Sharing The Worldやその他新曲が簡単なせいで定数が動いた。今日から28.309に
28	心拍ペアリング	×	×	×	28.4	134	01:20.6	曲こそ短いが、32分が紛れていたり2連打が必要だったりと要求地力は高め
28	円尾坂の仕立屋	×	×	×	28.4	180	01:53.0	傾向としては去り人に似ているが、16分→同時押しのフリックの場所が親切になっている
28	パラジクロロベンゼン	×	×	×	28.4	120-125	02:09.8	少し認識が難しい配置の練習にどうぞ。譜面がない部分だけ内部的にBPM124だったりする
28	ハッピーシンセサイザ	×	×	×	28.4	127	02:04.7	ラスサビ前に関しては裏6分が存在する赤譜面のほうがムズいと思う。全体的に素直だが縦連注意
28	とても痛い痛がりたい	×	×	×	28.4	140	01:49.3	極論ただのトリルが多い譜面。2-2で取る配置や縦連などもしっかり処理するのが求められる
28	夜もすがら君想ふ	×	×	×	28.3	148	02:20.9	3鍵がサビに頻発するが、それに気をつければ難しい配置は少ない。あと神曲
28	サマータイムレコード	×	敷譜面	×	28.3	178	02:24.3	ロングノーツが主体となっているタイプの譜面。終点がロングに重なってるのつい最近知った...
28	ラッキー☆オーブ	×	×	×	28.3	126	01:53.8	BPMは遅いが非交互配置などクセの強い配置が多め。ロングノーツの中継点も多いが落ち着くべし
28	フロムトーキョー	×	×	×	28.3	130	01:30.0	音ゲー用にリズムを難しくしたのかってくらいの曲をしている。ライブではペンライトが一番振り辛い
28	うっせぇわ	×	×	×	28.3	178	02:11.1	曲の割に純粋に素直な良譜面で笑みが溢れてしまった。もう少しうるさい譜面が欲しかったな
28	星を繋ぐ	×	敷譜面	交差譜面	28.3	174	01:33.5	28の中では異例の、スライドの中にノーツがある譜面。スライドの中の黄色タップが持ち替えの目印
28	悪徳のジャッジメント	×	×	×	28.3	140	02:04.3	16分音符の最初に同時押しがある配置が特徴。これを掴めばあとは結構素直
28	Hand in Hand	×	×	×	28.3	128	02:00.0	短ホールドが多く、意識しないと崩れてしまう。なぜどりーみんチュチュが維持でこれが昇格...?
28	ツギハギスタッカート	×	×	×	28.3	139	01:58.1	小粒はこのレベル帯だとまあまあよくあるためこの定数に落ち着く。依然クセ配置は難しい
28	Dear	×	敷譜面	×	28.3	135	02:24.9	たまに来る縦連配置には気を付けるべし。真ん中で持ち替えるトレースやロングノーツも特徴的
28	シャルル	×	×	×	28.2	145	01:38.9	この曲は音ゲーに入ると絶対12分縦連が飛んでくる運命なのか...24分も注意
28	ワンスアポンアドリーム	×	×	×	28.2	132	01:45.2	長らく唯一の12分割フリック持ちの譜面だった。典型的な「昔の認識難」なので運指を固めよう
28	絶え間なく藍色	×	×	×	28.2	125	02:19.7	5鍵や24分、ホールドの連続など明確な難所はあるが、運指を固めれば27中位くらいに感じる
28	Beyond the way	×	×	×	28.2	125	01:50.9	曲がバチクソにカッコイイ。少し32分音符が含まれていて骨はある。スライドはサボろう
28	演劇	×	×	×	28.2	176	02:02.0	なぜBPMが速いのかシリーズ。16分がちらほらあるが配置自体は素直なので落ち着こう
28	仮死化	×	×	×	28.2	184	02:07.8	ところどころアクセントのある配置もあるがスライドがメイン。交差部分はそんなに意識しなくてOK
28	Q	×	×	×	28.2	116-120	02:04.0	最初だけBPMが116なのをつい最近知りました。終点フリックに気をつければ難しくない
28	Wonder Style	×	×	×	28.1	128	02:11.5	中盤の微認識難配置や小粒などが少し面倒。24分もう少し置いて本気譜面にしてほしかったかも
28	Highlight	×	×	×	28.1	130	01:31.4	圧倒的に厄介なのは直感に反する方向指定。認識難のいい練習譜面としてpotatoよりも活用可能
28	太陽系デスコ	×	×	×	28.0	150	02:19.6	スライド楽゛し゛い゛ぃぃぃ゛ぃ゛い゛いいい！！！！！！！！！！！！！な譜面。意外と抜けない
27	幽霊東京	×	×	×	27.9	124	02:07.7	スライドの色が入れ替わるところが初見のインパクト強い。ゴリ押し系統の譜面なのでしんどい
27	どりーみんチュチュ	×	×	×	27.8	128	02:14.5	曲がとてもカワイイが長い。なかなかの終点ゲーミングをかましてくるので意識しよう
27	青色絵具	×	×	×	27.7	126	02:31.9	長いしアウトロがマジモンのむずさ。謎の24分を入れてさらに12分割ノーツ3連。本当に27？
27	セカイ	×	×	×	27.7	133	01:46.5	リズム難や地力の求められる24分といった難要素があり元26組の中では難しい
27	からくりピエロ	×	×	×	27.7	102	02:15.3	案の定回っていくスライド。中継点に意識を向けることで抜けを防げる。ハネリズムなのも難しい
27	千年の独奏歌	×	×	×	27.6	108	02:24.2	32分→同時フリック、この譜面が初説ない？長い局所難ということで沼ると苦しい
27	Blessing	×	×	×	27.6	110	02:08.7	これノーツの色で6人それぞれを表してる説ないかな。アイムマインに引用があるの最高にエモい
27	スイートマジック	×	×	×	27.6	123	02:22.2	局所難。1サビとラスサビの間とか最後とか。BPM遅いとはいえゴリ押しが多め
27	愛されなくても君がいる	×	×	×	27.6	150	02:13.4	小粒混じりの乱打が多い譜面。後半に難所が集中している感じ。落ち着いて叩こう
27	アイスドロップ	×	×	×	27.6	158	01:41.0	曲がいい。でも急に終わる感ある。後半随所に現れる16分2打のリズムや同時押しに注意。
27	妄想感傷代償連盟	×	×	×	27.5	110	02:16.9	愛や厭地帯では譜面認識力が試される。どの指から入るかをしっかり見極めて認識難力をつけよう
27	炉心融解	×	×	×	27.5	165	02:00.7	高難易度くるかなぁと思ったが意外と抑え目で配置も素直だった。噛み合った歯車スライド好き
27	青く駆けろ！	×	×	×	27.5	190	01:51.3	片手を長押しさせてもう片方で8分音符を叩かせる配置が多い。主はこういうの苦手
27	from Y to Y	×	×	×	27.5	98	02:32.4	BPMが100を切るハネリズム。サビにはなぜか32分が紛れ込んでいるが気にする必要はない
27	alive	×	×	×	27.5	128	01:52.7	微妙にやりづらい低BPMで16分乱打が多く降ってくる。手の入れ替えが必要な部分も多々
27	メルティランドナイトメア	×	×	×	27.5	140	01:52.8	地力配置が元26の中では格段に多く納得の昇格を果たした。このBPMのくの字は流石にアカン
27	星空のメロディー	×	×	×	27.5	113	01:46.2	寧々の歌声が最高すぎるんじゃ。セリフ地帯は指押しの練習にかなり良い譜面となっている
27	番凩	ソフラン	×	×	27.5	90-128	01:58.3	読み方は「つがいこがらし」。地力配置多めでBPM変化耐性も必要。最後に実は低速ソフランも
27	フロート・プランナー	×	×	×	27.5	138	01:39.8	最序盤の初見殺しスライドが特徴。後半に縦連を含む難所が詰まっている
27	砂の惑星	×	×	×	27.5	95	02:11.1	スライドが置かれている場所のせいでMASTER叩いてるとBPM190に見える。付点16分が健在
27	深海少女	×	×	×	27.5	137	02:18.2	直感に反する始点やラスサビ以降が結構厄介。初手には64分2打が飛んでくる
27	街	×	×	×	27.4	128	01:37.7	イントロの1箇所に謎に32分音符が置いてある。16分音符の入り手がたまにわからなくなる印象
27	ロンリーユニバース	×	×	×	27.4	100	02:16.2	実は唯一の基本BPM100(ワールドイズマインは一部のみ)。曲の雰囲気に従い小粒が多い
27	少女レイ	×	×	×	27.4	150	02:35.2	このゲーム史上一番「死」が直接的に描写されている曲だと思う。カクカクは境界あたりを押そう
27	虚ろを扇ぐ	×	×	×	27.4	124	02:31.9	同時押し24分2打がMASTERに留まらずEXPERTにも存在する。長いので沼ると苦しい
27	タイムマシン	×	×	×	27.4	126	01:57.1	コラボ先に先行収録されるというレアケース。左3連縦連が2回連続でくるのやばいでしょ
27	ハロ／ハワユ	×	×	×	27.4	95	02:17.5	AP難易度だけ死ぬほど高い。セカイVerとの兼ね合いで譜面修正が難しいのかもしれない
27	ニア	×	×	×	27.4	128	01:49.5	BPMも遅くゴリ押しのいい練習譜面って感じ。「ニア」で黄色音符くるのよい
27	イフ	×	×	×	27.4	135	02:04.4	圧倒的、神曲。アウトロ前のフリックの置き方が手拍子を意識させてきて良い。左4連フリックに注意
27	群青讃歌	×	×	×	27.4	168	01:34.3	1年ぶりに「ユニット:その他」の楽曲が追加された話。少しクセのある配置もあるがかなり素直
27	トリノコシティ	×	×	×	27.4	135	01:54.9	全体的に大人しいが終盤の乱打が少々難しい。乱打が苦手な方には練習で使えるかも
27	眠らせ姫からの贈り物	×	×	×	27.4	126	02:01.2	サビ以降絶対BPM252だろ...w アウトロは同時→3連打→同時のいい練習になるぞ
27	心拍数♯0822	×	×	×	27.3	114	01:59.7	脈打つ譜面に見惚れて始点終点のタイミングを逃さぬよう。せっかくなんだから822ノーツにして...
27	ブラック★ロックシューター	×	×	×	27.3	140-165	01:44.3	かなり素直な譜面となっているが16分→同時に注意。最後のスライド初見で持ち替えたのはヒミツ
27	Afterglow	×	×	×	27.3	68.75-183	02:09.1	最低BPMを更新し、初のBPM60台が登場。BPM183地帯は12分4鍵以外は結構素直
27	箱庭のコラル	×	×	×	27.3	138	02:06.7	ラスサビ以降は地力を要する配置が登場するが、それ以外は素直なので安定させよう
27	on the rocks	×	×	×	27.3	150	01:59.8	27の中でも取りやすい配置が多めでやりやすい。韓国版では唯一出禁になっている
27	私は、私達は	×	×	×	27.3	170	01:42.4	基本的には8分音符で構成されているので、リズムを取る練習にはもってこい
27	キラピピ★キラピカ	ソフラン	敷譜面	交差譜面	27.2	160	01:36.8	運営がついに27でも遊びだした。高難易度できないけどギミックを体感したい人にとてもオススメ
27	メランコリック	ソフラン	×	×	27.2	140	02:21.9	やはり曲通りBメロが難しいと言ったところか。例によって序盤の細いロングは動かさなくてOK
27	Sharing The World	×	×	×	27.2	129	02:25.6	少しだけ癖のある配置が存在するが、それでもそれ以外に難所がなくこの定数まで落ちてしまった
27	ダブルラリアット	×	×	×	27.2	138	02:15.7	年齢を重ねるほど良さがわかる曲。間奏地帯とラスサビ後半が難しいが比較的素直め
27	「1」	×	×	×	27.2	145-150	01:35.5	サビ3小節前からのBPM変化と拍子変化が特徴的。局所リズム難なので意識をもとう
27	悪ノ娘	×	×	×	27.1	140	01:25.7	悪ノ召使と全難易度を通してノーツ数が同じという作り込み。クセも少なくスコア効率も高めらしい
27	悪ノ召使	×	×	×	27.1	120	01:30.0	悪ノ娘とノーツ数を揃えるためかロングノーツの終点が多く、BPMも遅いのでしっかり意識が必要
27	On&On	ソフラン	×	×	27.1	126	01:49.2	シャレオツ曲シャレオツ譜面ランキングNo.1。19.2分ハネも非常に特徴的。トレースには注意
27	恋は戦争	×	敷譜面	×	27.0	175	02:19.9	27の中でもBPMは速いが曲調も相まって密度が低い。ド派手なスライドや敷配置も落ち着いて処理を
26	カナデトモスソラ	×	×	×	26.9	158	01:47.1	BPM79より遅い譜面が追加されていく中なぜかコイツはBPM158。26最速になってしまっている
26	それがあなたの幸せとしても	×	×	×	26.8	71-77	02:05.5	32分や48分がたまに現れる字面だけヤバい譜面。最低BPMをAfterglowに抜かれた
26	君の夜をくれ	×	×	×	26.8	80	01:56.3	26で悪魔の踊り方(難易度30)の劣化みたいなことしてくる。48分音符からの同時押しはおそらく唯一
26	ECHO	×	×	×	26.7	140	01:36.0	8分音符までしかない異端な譜面。スライドがかなり多くフリックは抜けがち
26	ノマド	×	×	×	26.7	90	1.28.00	俗に言うゴママヨ配置や中継点の多い細スライドに注意。個人的に48分の音取って欲しかった
26	オーダーメイド	×	×	×	26.6	75	01:58.4	48分3鍵と24分7鍵が存在するという、字面だけ見ればヤバすぎる譜面が爆誕した
26	独りんぼエンヴィー	×	×	×	26.6	132	01:12.7	音ゲー収録曲でここまで短い曲が今まであるのだろうか...と今でも思う。24分がムズい
26	アイノマテリアル	×	×	×	26.6	120	01:57.0	このBPMとはいえ両手フリック+2打の16分3打配置はちょい乱暴。これと方向指定以外は割と素直
26	glow	×	×	×	26.6	85	02:36.0	32分からの同時押しがなかなかに多い骨のある譜面。それ故現行26ではなかなかの立ち位置
26	メリュー	×	×	×	26.5	130	02:16.1	連続フリックの練習曲といったところか。個人的に譜面に解釈一致な部分が多くて好きです
26	トワイライトライト	×	×	×	26.5	88	01:38.4	24分→同時押しの流れが26にしては少し多めでまあまあ忙しい。交差するスライドにも注意
26	ray	×	×	×	26.5	132	02:07.3	神曲すぎる、少しだけ認識難っぽい配置やスライド終点フリックがあるが、素直な配置が多め
26	自傷無色	×	×	×	26.5	120	01:41.5	低速ハネ。局所難って感じ。初めてこの曲を聴いた時の衝撃が忘れられない
26	相生	×	×	×	26.5	140	02:37.3	最近は64分微ズレがトレンドらしい。急な12分には注意。最初から歌詞のスケールがデカい
26	いちにのさんで	×	×	×	26.4	83	02:36.1	再生同様スライドをサボれる部分が非常に多い。暇な人は長押ししない縛りやってみよう
26	泥中に咲く	×	×	×	26.4	85	02:08.8	前半は再生を彷彿とさせる方向指定や小粒の多さが厄介。後半は大きいノーツに惑わされぬよう注意
26	再生	×	×	×	26.4	76	01:37.9	スライドをサボる快感を一番味わいやすい譜面。謎に置かれている方向指定フリックがムズい
26	夜明けと蛍	×	×	×	26.4	80	02:23.3	間奏地帯のリズムが少し難しいが、それ以外は落ち着けば取れる。MASTER入門にもおすすめ
26	エピローグに君はいない	×	×	×	26.3	85	01:49.4	うねうねスライドが多いがBPMが遅い故だいだいサボれる。終点方向指定の練習に
26	インタビュア	×	×	×	26.3	125	02:21.8	「」の再現やスライドの色が変わる演出など、26の譜面の中でもかなり楽しめる譜面
26	メタモリボン	×	×	×	26.3	123	01:39.5	マジで難所という難所がないとか言っていたが、26.0が弱すぎて難所が多く感じる
26	心做し	×	×	×	26.2	84	02:15.4	たまにちょくちょく32分が登場する程度でそこまで癖はない。MASTER入門には割とオススメかも
26	Where shall we go?	×	×	×	26.2	119	01:52.8	BPMが低い上24分が存在しないので、かなりゆったりプレイできるが、終点は厄介
26	アサガオの散る頃に	×	×	×	26.1	85	02:26.8	何気に初のBPM80台の曲。蝉の鳴き声がリズムを壊しにくるんだけどそこどうにかならんかったか...
26	Tell Your World	×	×	×	26.1	150	02:00.0	27最弱組の降格で永遠に動かないと思われていた定数が動いた。これが歴史である...
26	Goodbye	×	×	×	26.0	133	02:02.7	新・MASTER超絶入門曲。特有のクセがあるが、捌く上では何も引っかかる部分がない
26	Copycat	×	×	×	26.0	137	02:00.7	Goodbyeよりは後半に骨があるがこちらも基本厄介でない配置が飛んでくる。AP狙いに最適
